time,epoch,split,metric,value
2026-05-20T16:49:28,0,vald,jtr,0.06052843776020237
2026-05-20T16:49:28,0,vald,loss_kl,0.11705665077236024
2026-05-20T16:49:28,0,vald,loss_total,0.4085795318160392
2026-05-20T16:49:28,0,vald,matrot,0.23002821490746989
2026-05-20T16:49:28,0,vald,torque_proxy,0.0009662280414202259
2026-05-20T16:49:28,0,train,jtr,0.07802732503437947
2026-05-20T16:49:28,0,train,loss_kl,0.12002647874469893
2026-05-20T16:49:28,0,train,loss_total,0.4848645610930867
2026-05-20T16:49:28,0,train,matrot,0.2857999318049241
2026-05-20T16:49:28,0,train,torque_proxy,0.0010108256559931842
2026-05-20T17:11:28,1,vald,jtr,0.055196781830376705
2026-05-20T17:11:28,1,vald,loss_kl,0.11869672591524291
2026-05-20T17:11:28,1,vald,loss_total,0.3932100604331317
2026-05-20T17:11:28,1,vald,matrot,0.218371598287563
2026-05-20T17:11:28,1,vald,torque_proxy,0.0009449546869055867
2026-05-20T17:11:28,1,train,jtr,0.06564119521746493
2026-05-20T17:11:28,1,train,loss_kl,0.12480226225290404
2026-05-20T17:11:28,1,train,loss_total,0.4353397850858277
2026-05-20T17:11:28,1,train,matrot,0.24394687629855788
2026-05-20T17:11:28,1,train,torque_proxy,0.0009494512315036073
2026-05-20T17:33:11,2,vald,jtr,0.05979526284548442
2026-05-20T17:33:11,2,vald,loss_kl,0.11578286494612143
2026-05-20T17:33:11,2,vald,loss_total,0.4002732677994616
2026-05-20T17:33:11,2,vald,matrot,0.22372923268077555
2026-05-20T17:33:11,2,vald,torque_proxy,0.0009659075582297321
2026-05-20T17:33:11,2,train,jtr,0.07095565848226583
2026-05-20T17:33:11,2,train,loss_kl,0.11626167559969917
2026-05-20T17:33:11,2,train,loss_total,0.44400208378845735
2026-05-20T17:33:11,2,train,matrot,0.2558179373013129
2026-05-20T17:33:11,2,train,torque_proxy,0.0009668124437180957
2026-05-20T17:53:45,3,vald,jtr,0.05601559941744683
2026-05-20T17:53:45,3,vald,loss_kl,0.11392386230965473
2026-05-20T17:53:45,3,vald,loss_total,0.39176290031942557
2026-05-20T17:53:45,3,vald,matrot,0.22086815564254517
2026-05-20T17:53:45,3,vald,torque_proxy,0.0009552828040310309
2026-05-20T17:53:45,3,train,jtr,0.06473197846854946
2026-05-20T17:53:45,3,train,loss_kl,0.11985235986020341
2026-05-20T17:53:45,3,train,loss_total,0.42749476089657756
2026-05-20T17:53:45,3,train,matrot,0.24195823579697018
2026-05-20T17:53:45,3,train,torque_proxy,0.0009521864775523498
2026-05-20T18:14:20,4,vald,jtr,0.05418446339329433
2026-05-20T18:14:20,4,vald,loss_kl,0.11387128499465651
2026-05-20T18:14:20,4,vald,loss_total,0.3867644304736705
2026-05-20T18:14:20,4,vald,matrot,0.21775628572636302
2026-05-20T18:14:20,4,vald,torque_proxy,0.0009523969079248281
2026-05-20T18:14:20,4,train,jtr,0.0616897257040955
2026-05-20T18:14:20,4,train,loss_kl,0.12121341334276475
2026-05-20T18:14:20,4,train,loss_total,0.4176593639340181
2026-05-20T18:14:20,4,train,matrot,0.23381304391978697
2026-05-20T18:14:20,4,train,torque_proxy,0.0009431809178519551
2026-05-20T18:34:54,5,vald,jtr,0.05366861530495274
2026-05-20T18:34:54,5,vald,loss_kl,0.11504694753689709
2026-05-20T18:34:54,5,vald,loss_total,0.38375589097273327
2026-05-20T18:34:54,5,vald,matrot,0.21409110398532724
2026-05-20T18:34:54,5,vald,torque_proxy,0.0009492244067173748
2026-05-20T18:34:54,5,train,jtr,0.059941578785222605
2026-05-20T18:34:54,5,train,loss_kl,0.12210996624384923
2026-05-20T18:34:54,5,train,loss_total,0.41062041687099243
2026-05-20T18:34:54,5,train,matrot,0.22763260499942803
2026-05-20T18:34:54,5,train,torque_proxy,0.0009362666676691901
2026-05-20T18:55:30,6,vald,jtr,0.053893289544280486
2026-05-20T18:55:30,6,vald,loss_kl,0.11518969705806918
2026-05-20T18:55:30,6,vald,loss_total,0.3831008433565745
2026-05-20T18:55:30,6,vald,matrot,0.2130776140046979
2026-05-20T18:55:30,6,vald,torque_proxy,0.0009402427276856371
2026-05-20T18:55:31,6,train,jtr,0.05891222850886368
2026-05-20T18:55:31,6,train,loss_kl,0.12253619361681649
2026-05-20T18:55:31,6,train,loss_total,0.4065733356985916
2026-05-20T18:55:31,6,train,matrot,0.2241918093130666
2026-05-20T18:55:31,6,train,torque_proxy,0.0009331044004824709
2026-05-20T19:16:06,7,vald,jtr,0.05303334296541547
2026-05-20T19:16:06,7,vald,loss_kl,0.11434771578635008
2026-05-20T19:16:06,7,vald,loss_total,0.38141468359422553
2026-05-20T19:16:06,7,vald,matrot,0.21308111696540208
2026-05-20T19:16:06,7,vald,torque_proxy,0.0009525077555655367
2026-05-20T19:16:06,7,train,jtr,0.05819154897617271
2026-05-20T19:16:06,7,train,loss_kl,0.122901641060531
2026-05-20T19:16:06,7,train,loss_total,0.4037649213377132
2026-05-20T19:16:06,7,train,matrot,0.22173963094564408
2026-05-20T19:16:06,7,train,torque_proxy,0.0009321002803664883
2026-05-20T19:36:40,8,vald,jtr,0.05223170277109979
2026-05-20T19:36:40,8,vald,loss_kl,0.11498344951961706
2026-05-20T19:36:40,8,vald,loss_total,0.3797361156567518
2026-05-20T19:36:40,8,vald,matrot,0.21157216423926203
2026-05-20T19:36:40,8,vald,torque_proxy,0.0009487990085352423
2026-05-20T19:36:40,8,train,jtr,0.057652067890479296
2026-05-20T19:36:40,8,train,loss_kl,0.12310979433348439
2026-05-20T19:36:40,8,train,loss_total,0.40164457933986386
2026-05-20T19:36:40,8,train,matrot,0.21995123578110676
2026-05-20T19:36:40,8,train,torque_proxy,0.0009314812286911778
2026-05-20T19:57:15,9,vald,jtr,0.052100278054107524
2026-05-20T19:57:15,9,vald,loss_kl,0.11534839918984999
2026-05-20T19:57:15,9,vald,loss_total,0.37853396639861375
2026-05-20T19:57:15,9,vald,matrot,0.2101414229087325
2026-05-20T19:57:15,9,vald,torque_proxy,0.0009438658547031439
2026-05-20T19:57:15,9,train,jtr,0.05725677058811215
2026-05-20T19:57:15,9,train,loss_kl,0.12330763155371682
2026-05-20T19:57:15,9,train,loss_total,0.4000033236838676
2026-05-20T19:57:15,9,train,matrot,0.2185069409692313
2026-05-20T19:57:15,9,train,torque_proxy,0.0009319805986006685
2026-05-20T20:17:51,10,vald,jtr,0.05168331483148328
2026-05-20T20:17:51,10,vald,loss_kl,0.11679907004192279
2026-05-20T20:17:51,10,vald,loss_total,0.37731324051560183
2026-05-20T20:17:51,10,vald,matrot,0.2078867958352493
2026-05-20T20:17:51,10,vald,torque_proxy,0.0009440599774540266
2026-05-20T20:17:51,10,train,jtr,0.05683067758153369
2026-05-20T20:17:51,10,train,loss_kl,0.12341948525225262
2026-05-20T20:17:51,10,train,loss_total,0.3985309571252588
2026-05-20T20:17:51,10,train,matrot,0.2173494813279041
2026-05-20T20:17:51,10,train,torque_proxy,0.0009313129036447578
2026-05-20T20:38:29,11,vald,jtr,0.051205243708741424
2026-05-20T20:38:29,11,vald,loss_kl,0.11774904456836569
2026-05-20T20:38:29,11,vald,loss_total,0.3771615377498202
2026-05-20T20:38:29,11,vald,matrot,0.20725913918034866
2026-05-20T20:38:29,11,vald,torque_proxy,0.0009481100779993575
2026-05-20T20:38:29,11,train,jtr,0.05662304140550439
2026-05-20T20:38:29,11,train,loss_kl,0.1234165367137676
2026-05-20T20:38:29,11,train,loss_total,0.39739975243280773
2026-05-20T20:38:29,11,train,matrot,0.21642811477428775
2026-05-20T20:38:29,11,train,torque_proxy,0.0009320596867901411
2026-05-20T20:59:05,12,vald,jtr,0.05251923573242979
2026-05-20T20:59:05,12,vald,loss_kl,0.1155009203196233
2026-05-20T20:59:05,12,vald,loss_total,0.37781817883996777
2026-05-20T20:59:05,12,vald,matrot,0.2088471844399868
2026-05-20T20:59:05,12,vald,torque_proxy,0.0009508381675016552
2026-05-20T20:59:05,12,train,jtr,0.0563966634915306
2026-05-20T20:59:05,12,train,loss_kl,0.12341210788740288
2026-05-20T20:59:05,12,train,loss_total,0.39643360255603294
2026-05-20T20:59:05,12,train,matrot,0.21569265771403745
2026-05-20T20:59:05,12,train,torque_proxy,0.0009321733176025095
2026-05-20T21:19:43,13,vald,jtr,0.05169093729704343
2026-05-20T21:19:43,13,vald,loss_kl,0.11617909219845882
2026-05-20T21:19:43,13,vald,loss_total,0.3769564966562715
2026-05-20T21:19:43,13,vald,matrot,0.20814309308439657
2026-05-20T21:19:43,13,vald,torque_proxy,0.0009433744131849864
2026-05-20T21:19:43,13,train,jtr,0.056298532328600936
2026-05-20T21:19:43,13,train,loss_kl,0.12343213569907961
2026-05-20T21:19:43,13,train,loss_total,0.39562490771718406
2026-05-20T21:19:43,13,train,matrot,0.21496148987767427
2026-05-20T21:19:43,13,train,torque_proxy,0.0009327497265961204
2026-05-20T21:40:20,14,vald,jtr,0.0512546405442362
2026-05-20T21:40:20,14,vald,loss_kl,0.11622621243485627
2026-05-20T21:40:20,14,vald,loss_total,0.37578113971350374
2026-05-20T21:40:20,14,vald,matrot,0.20735410793362505
2026-05-20T21:40:20,14,vald,torque_proxy,0.0009461788596461554
2026-05-20T21:40:20,14,train,jtr,0.05612584993315251
2026-05-20T21:40:20,14,train,loss_kl,0.12339942012655336
2026-05-20T21:40:20,14,train,loss_total,0.3949258736985023
2026-05-20T21:40:20,14,train,matrot,0.2144674136858148
2026-05-20T21:40:20,14,train,torque_proxy,0.0009331899846733343
2026-05-20T22:00:57,15,vald,jtr,0.05168474141281105
2026-05-20T22:00:57,15,vald,loss_kl,0.11644711380036007
2026-05-20T22:00:57,15,vald,loss_total,0.3760798894240764
2026-05-20T22:00:57,15,vald,matrot,0.20700387146096683
2026-05-20T22:00:57,15,vald,torque_proxy,0.0009441630790645322
2026-05-20T22:00:57,15,train,jtr,0.055971380881978804
2026-05-20T22:00:57,15,train,loss_kl,0.12338731600324863
2026-05-20T22:00:57,15,train,loss_total,0.394218030307159
2026-05-20T22:00:57,15,train,matrot,0.21392586610740352
2026-05-20T22:00:57,15,train,torque_proxy,0.0009334671901572939
2026-05-20T22:21:33,16,vald,jtr,0.05145616982951622
2026-05-20T22:21:33,16,vald,loss_kl,0.11493529293465801
2026-05-20T22:21:33,16,vald,loss_total,0.37579275284120867
2026-05-20T22:21:33,16,vald,matrot,0.20844988689487612
2026-05-20T22:21:33,16,vald,torque_proxy,0.0009514031802149048
2026-05-20T22:21:33,16,train,jtr,0.05580156557341072
2026-05-20T22:21:33,16,train,loss_kl,0.12327083282072815
2026-05-20T22:21:33,16,train,loss_total,0.39346229300991065
2026-05-20T22:21:33,16,train,matrot,0.21345574054985722
2026-05-20T22:21:33,16,train,torque_proxy,0.0009341543478740194
2026-05-20T22:42:08,17,vald,jtr,0.05273339237979925
2026-05-20T22:42:08,17,vald,loss_kl,0.11404389253681502
2026-05-20T22:42:08,17,vald,loss_total,0.3772486949033085
2026-05-20T22:42:08,17,vald,matrot,0.20951224816360559
2026-05-20T22:42:08,17,vald,torque_proxy,0.0009591614269255424
2026-05-20T22:42:08,17,train,jtr,0.05574943471610184
2026-05-20T22:42:08,17,train,loss_kl,0.12324317007283365
2026-05-20T22:42:08,17,train,loss_total,0.3930546193736504
2026-05-20T22:42:08,17,train,matrot,0.21312779287366232
2026-05-20T22:42:08,17,train,torque_proxy,0.0009342219089257983
2026-05-20T23:02:43,18,vald,jtr,0.05175627865131373
2026-05-20T23:02:43,18,vald,loss_kl,0.11460450718561514
2026-05-20T23:02:43,18,vald,loss_total,0.3764384446214616
2026-05-20T23:02:43,18,vald,matrot,0.2091319771335493
2026-05-20T23:02:43,18,vald,torque_proxy,0.0009456821060804552
2026-05-20T23:02:43,18,train,jtr,0.05559935203449792
2026-05-20T23:02:43,18,train,loss_kl,0.12317509370372556
2026-05-20T23:02:43,18,train,loss_total,0.39248382644645285
2026-05-20T23:02:43,18,train,matrot,0.21277484628343585
2026-05-20T23:02:43,18,train,torque_proxy,0.0009345345237120246
2026-05-20T23:23:19,19,vald,jtr,0.049949103991316836
2026-05-20T23:23:19,19,vald,loss_kl,0.1165031620065463
2026-05-20T23:23:19,19,vald,loss_total,0.37198826710585087
2026-05-20T23:23:19,19,vald,matrot,0.20458817062985543
2026-05-20T23:23:19,19,vald,torque_proxy,0.0009478306296698869
2026-05-20T23:23:19,19,train,jtr,0.05369265367125737
2026-05-20T23:23:19,19,train,loss_kl,0.12364945909402524
2026-05-20T23:23:19,19,train,loss_total,0.3866199338046708
2026-05-20T23:23:19,19,train,matrot,0.20833831580774187
2026-05-20T23:23:19,19,train,torque_proxy,0.0009395052802678275
2026-05-20T23:43:56,20,vald,jtr,0.0498331226417089
2026-05-20T23:43:56,20,vald,loss_kl,0.11606768031506463
2026-05-20T23:43:56,20,vald,loss_total,0.3713523544054375
2026-05-20T23:43:56,20,vald,matrot,0.20449953228097525
2026-05-20T23:43:56,20,vald,torque_proxy,0.0009520193808971363
2026-05-20T23:43:56,20,train,jtr,0.05341854285824511
2026-05-20T23:43:56,20,train,loss_kl,0.12413210455907497
2026-05-20T23:43:56,20,train,loss_total,0.38589785216990247
2026-05-20T23:43:56,20,train,matrot,0.20740546974574028
2026-05-20T23:43:56,20,train,torque_proxy,0.0009417351799451942
2026-05-21T00:04:31,21,vald,jtr,0.048785340822475674
2026-05-21T00:04:31,21,vald,loss_kl,0.11905398845066645
2026-05-21T00:04:31,21,vald,loss_total,0.3704991918711367
2026-05-21T00:04:31,21,vald,matrot,0.20170768630620292
2026-05-21T00:04:31,21,vald,torque_proxy,0.0009521758233934797
2026-05-21T00:04:31,21,train,jtr,0.05329333507531398
2026-05-21T00:04:31,21,train,loss_kl,0.12434798650815182
2026-05-21T00:04:31,21,train,loss_total,0.3857583206105754
2026-05-21T00:04:31,21,train,matrot,0.20717384501563701
2026-05-21T00:04:31,21,train,torque_proxy,0.0009431540663996161
2026-05-21T00:25:08,22,vald,jtr,0.04939211011380508
2026-05-21T00:25:08,22,vald,loss_kl,0.11777516803230795
2026-05-21T00:25:08,22,vald,loss_total,0.37095913420433035
2026-05-21T00:25:08,22,vald,matrot,0.20284002630966208
2026-05-21T00:25:08,22,vald,torque_proxy,0.0009518296692997876
2026-05-21T00:25:08,22,train,jtr,0.053252527835283454
2026-05-21T00:25:08,22,train,loss_kl,0.1243617227238927
2026-05-21T00:25:08,22,train,loss_total,0.3855710148981602
2026-05-21T00:25:08,22,train,matrot,0.2070119677806332
2026-05-21T00:25:08,22,train,torque_proxy,0.0009447964463843369
2026-05-21T00:45:49,23,vald,jtr,0.04916406495241851
2026-05-21T00:45:49,23,vald,loss_kl,0.1177186328786909
2026-05-21T00:45:49,23,vald,loss_total,0.3706392172565632
2026-05-21T00:45:49,23,vald,matrot,0.20280184867049872
2026-05-21T00:45:49,23,vald,torque_proxy,0.0009546706192335824
2026-05-21T00:45:49,23,train,jtr,0.05318464153074287
2026-05-21T00:45:49,23,train,loss_kl,0.12438844659003567
2026-05-21T00:45:49,23,train,loss_total,0.38532318038302343
2026-05-21T00:45:49,23,train,matrot,0.20680486298494527
2026-05-21T00:45:49,23,train,torque_proxy,0.000945229371754345
2026-05-21T01:06:26,24,vald,jtr,0.04899183596276063
2026-05-21T01:06:26,24,vald,loss_kl,0.11811669537016017
2026-05-21T01:06:26,24,vald,loss_total,0.3702643403986576
2026-05-21T01:06:26,24,vald,matrot,0.20220061817487045
2026-05-21T01:06:26,24,vald,torque_proxy,0.000955190733693531
2026-05-21T01:06:26,24,train,jtr,0.05316220163275259
2026-05-21T01:06:26,24,train,loss_kl,0.1244720727164894
2026-05-21T01:06:26,24,train,loss_total,0.38525664886912786
2026-05-21T01:06:26,24,train,matrot,0.20667707913635083
2026-05-21T01:06:26,24,train,torque_proxy,0.0009452955024188324
2026-05-21T01:27:01,25,vald,jtr,0.04974649361956197
2026-05-21T01:27:01,25,vald,loss_kl,0.11640370868201506
2026-05-21T01:27:01,25,vald,loss_total,0.3711782589816452
2026-05-21T01:27:01,25,vald,matrot,0.20406994180557578
2026-05-21T01:27:01,25,vald,torque_proxy,0.0009581149744863842
2026-05-21T01:27:01,25,train,jtr,0.05312962151858114
2026-05-21T01:27:01,25,train,loss_kl,0.12454103911755976
2026-05-21T01:27:01,25,train,loss_total,0.3852006204768449
2026-05-21T01:27:01,25,train,matrot,0.20658313217839241
2026-05-21T01:27:01,25,train,torque_proxy,0.0009468276348192802
2026-05-21T01:47:38,26,vald,jtr,0.048977590333876955
2026-05-21T01:47:38,26,vald,loss_kl,0.11819149201043817
2026-05-21T01:47:38,26,vald,loss_total,0.37015422328948533
2026-05-21T01:47:38,26,vald,matrot,0.20203039132044848
2026-05-21T01:47:38,26,vald,torque_proxy,0.0009547495512896891
2026-05-21T01:47:38,26,train,jtr,0.05310146070922381
2026-05-21T01:47:38,26,train,loss_kl,0.12451131910245025
2026-05-21T01:47:38,26,train,loss_total,0.385093802797797
2026-05-21T01:47:38,26,train,matrot,0.2065335872275379
2026-05-21T01:47:38,26,train,torque_proxy,0.0009474358096856443
2026-05-21T02:08:14,27,vald,jtr,0.04888356426066259
2026-05-21T02:08:14,27,vald,loss_kl,0.11883025217711815
2026-05-21T02:08:14,27,vald,loss_total,0.36997028504964824
2026-05-21T02:08:14,27,vald,matrot,0.2013001318869496
2026-05-21T02:08:14,27,vald,torque_proxy,0.0009563364429510085
2026-05-21T02:08:14,27,train,jtr,0.053117127969696226
2026-05-21T02:08:14,27,train,loss_kl,0.12453205406988863
2026-05-21T02:08:14,27,train,loss_total,0.3850202428210151
2026-05-21T02:08:14,27,train,matrot,0.20642316680940997
2026-05-21T02:08:14,27,train,torque_proxy,0.0009478939619288927
2026-05-21T02:28:50,28,vald,jtr,0.04915092965887512
2026-05-21T02:28:50,28,vald,loss_kl,0.11836070891696952
2026-05-21T02:28:50,28,vald,loss_total,0.3703830208484765
2026-05-21T02:28:50,28,vald,matrot,0.20191458150289968
2026-05-21T02:28:50,28,vald,torque_proxy,0.0009568011921075927
2026-05-21T02:28:50,28,train,jtr,0.05305136102136086
2026-05-21T02:28:50,28,train,loss_kl,0.1245238529386594
2026-05-21T02:28:50,28,train,loss_total,0.38488355124205414
2026-05-21T02:28:50,28,train,matrot,0.2063596410015027
2026-05-21T02:28:50,28,train,torque_proxy,0.0009486962548103193
2026-05-21T02:49:26,29,vald,jtr,0.04880452314271228
2026-05-21T02:49:26,29,vald,loss_kl,0.11862741804607695
2026-05-21T02:49:26,29,vald,loss_total,0.3701474426964956
2026-05-21T02:49:26,29,vald,matrot,0.2017566247459315
2026-05-21T02:49:26,29,vald,torque_proxy,0.0009588766456889906
2026-05-21T02:49:26,29,train,jtr,0.05305374549774253
2026-05-21T02:49:26,29,train,loss_kl,0.12454300215482135
2026-05-21T02:49:26,29,train,loss_total,0.38488341857118674
2026-05-21T02:49:26,29,train,matrot,0.20633759055064815
2026-05-21T02:49:26,29,train,torque_proxy,0.0009490803655019767
2026-05-21T03:09:58,30,vald,jtr,0.04894548684337939
2026-05-21T03:09:58,30,vald,loss_kl,0.1180854505547727
2026-05-21T03:09:58,30,vald,loss_total,0.3703634987022321
2026-05-21T03:09:58,30,vald,matrot,0.2023724215432258
2026-05-21T03:09:58,30,vald,torque_proxy,0.0009601400364664823
2026-05-21T03:09:58,30,train,jtr,0.0530087263830536
2026-05-21T03:09:58,30,train,loss_kl,0.1245700050005413
2026-05-21T03:09:58,30,train,loss_total,0.3847760135988818
2026-05-21T03:09:58,30,train,matrot,0.20624804998491042
2026-05-21T03:09:58,30,train,torque_proxy,0.0009492321004270971
2026-05-21T03:30:21,31,vald,jtr,0.04906420643973317
2026-05-21T03:30:21,31,vald,loss_kl,0.11868933783482602
2026-05-21T03:30:21,31,vald,loss_total,0.3702050980779578
2026-05-21T03:30:21,31,vald,matrot,0.20149294460491862
2026-05-21T03:30:21,31,vald,torque_proxy,0.0009586091911771623
2026-05-21T03:30:21,31,train,jtr,0.052993421101123955
2026-05-21T03:30:21,31,train,loss_kl,0.12467134600516283
2026-05-21T03:30:21,31,train,loss_total,0.38474513986630554
2026-05-21T03:30:21,31,train,matrot,0.20613057116296346
2026-05-21T03:30:21,31,train,torque_proxy,0.0009498017738760124
